record_id,method,target_model,behavior_id,reason
PAIR:llama-2-7b-chat-hf:0,PAIR,llama-2-7b-chat-hf,0,empty_prompt_and_response
PAIR:llama-2-7b-chat-hf:1,PAIR,llama-2-7b-chat-hf,1,empty_prompt_and_response
PAIR:llama-2-7b-chat-hf:2,PAIR,llama-2-7b-chat-hf,2,empty_prompt_and_response
PAIR:llama-2-7b-chat-hf:3,PAIR,llama-2-7b-chat-hf,3,empty_prompt_and_response
PAIR:llama-2-7b-chat-hf:4,PAIR,llama-2-7b-chat-hf,4,empty_prompt_and_response
PAIR:llama-2-7b-chat-hf:5,PAIR,llama-2-7b-chat-hf,5,empty_prompt_and_response
PAIR:llama-2-7b-chat-hf:7,PAIR,llama-2-7b-chat-hf,7,empty_prompt_and_response
PAIR:llama-2-7b-chat-hf:8,PAIR,llama-2-7b-chat-hf,8,empty_prompt_and_response
PAIR:llama-2-7b-chat-hf:9,PAIR,llama-2-7b-chat-hf,9,empty_prompt_and_response
PAIR:llama-2-7b-chat-hf:10,PAIR,llama-2-7b-chat-hf,10,empty_prompt_and_response
PAIR:llama-2-7b-chat-hf:11,PAIR,llama-2-7b-chat-hf,11,empty_prompt_and_response
PAIR:llama-2-7b-chat-hf:12,PAIR,llama-2-7b-chat-hf,12,empty_prompt_and_response
PAIR:llama-2-7b-chat-hf:13,PAIR,llama-2-7b-chat-hf,13,empty_prompt_and_response
PAIR:llama-2-7b-chat-hf:14,PAIR,llama-2-7b-chat-hf,14,empty_prompt_and_response
PAIR:llama-2-7b-chat-hf:15,PAIR,llama-2-7b-chat-hf,15,empty_prompt_and_response
PAIR:llama-2-7b-chat-hf:16,PAIR,llama-2-7b-chat-hf,16,empty_prompt_and_response
PAIR:llama-2-7b-chat-hf:17,PAIR,llama-2-7b-chat-hf,17,empty_prompt_and_response
PAIR:llama-2-7b-chat-hf:18,PAIR,llama-2-7b-chat-hf,18,empty_prompt_and_response
PAIR:llama-2-7b-chat-hf:19,PAIR,llama-2-7b-chat-hf,19,empty_prompt_and_response
PAIR:llama-2-7b-chat-hf:20,PAIR,llama-2-7b-chat-hf,20,empty_prompt_and_response
PAIR:llama-2-7b-chat-hf:21,PAIR,llama-2-7b-chat-hf,21,empty_prompt_and_response
PAIR:llama-2-7b-chat-hf:22,PAIR,llama-2-7b-chat-hf,22,empty_prompt_and_response
PAIR:llama-2-7b-chat-hf:23,PAIR,llama-2-7b-chat-hf,23,empty_prompt_and_response
PAIR:llama-2-7b-chat-hf:24,PAIR,llama-2-7b-chat-hf,24,empty_prompt_and_response
PAIR:llama-2-7b-chat-hf:25,PAIR,llama-2-7b-chat-hf,25,empty_prompt_and_response
PAIR:llama-2-7b-chat-hf:26,PAIR,llama-2-7b-chat-hf,26,empty_prompt_and_response
PAIR:llama-2-7b-chat-hf:27,PAIR,llama-2-7b-chat-hf,27,empty_prompt_and_response
PAIR:llama-2-7b-chat-hf:28,PAIR,llama-2-7b-chat-hf,28,empty_prompt_and_response
PAIR:llama-2-7b-chat-hf:29,PAIR,llama-2-7b-chat-hf,29,empty_prompt_and_response
PAIR:llama-2-7b-chat-hf:30,PAIR,llama-2-7b-chat-hf,30,empty_prompt_and_response
PAIR:llama-2-7b-chat-hf:31,PAIR,llama-2-7b-chat-hf,31,empty_prompt_and_response
PAIR:llama-2-7b-chat-hf:32,PAIR,llama-2-7b-chat-hf,32,empty_prompt_and_response
PAIR:llama-2-7b-chat-hf:33,PAIR,llama-2-7b-chat-hf,33,empty_prompt_and_response
PAIR:llama-2-7b-chat-hf:35,PAIR,llama-2-7b-chat-hf,35,empty_prompt_and_response
PAIR:llama-2-7b-chat-hf:36,PAIR,llama-2-7b-chat-hf,36,empty_prompt_and_response
PAIR:llama-2-7b-chat-hf:37,PAIR,llama-2-7b-chat-hf,37,empty_prompt_and_response
PAIR:llama-2-7b-chat-hf:38,PAIR,llama-2-7b-chat-hf,38,empty_prompt_and_response
PAIR:llama-2-7b-chat-hf:39,PAIR,llama-2-7b-chat-hf,39,empty_prompt_and_response
PAIR:llama-2-7b-chat-hf:40,PAIR,llama-2-7b-chat-hf,40,empty_prompt_and_response
PAIR:llama-2-7b-chat-hf:41,PAIR,llama-2-7b-chat-hf,41,empty_prompt_and_response
PAIR:llama-2-7b-chat-hf:42,PAIR,llama-2-7b-chat-hf,42,empty_prompt_and_response
PAIR:llama-2-7b-chat-hf:43,PAIR,llama-2-7b-chat-hf,43,empty_prompt_and_response
PAIR:llama-2-7b-chat-hf:45,PAIR,llama-2-7b-chat-hf,45,empty_prompt_and_response
PAIR:llama-2-7b-chat-hf:46,PAIR,llama-2-7b-chat-hf,46,empty_prompt_and_response
PAIR:llama-2-7b-chat-hf:47,PAIR,llama-2-7b-chat-hf,47,empty_prompt_and_response
PAIR:llama-2-7b-chat-hf:48,PAIR,llama-2-7b-chat-hf,48,empty_prompt_and_response
PAIR:llama-2-7b-chat-hf:49,PAIR,llama-2-7b-chat-hf,49,empty_prompt_and_response
PAIR:llama-2-7b-chat-hf:50,PAIR,llama-2-7b-chat-hf,50,empty_prompt_and_response
PAIR:llama-2-7b-chat-hf:51,PAIR,llama-2-7b-chat-hf,51,empty_prompt_and_response
PAIR:llama-2-7b-chat-hf:52,PAIR,llama-2-7b-chat-hf,52,empty_prompt_and_response
PAIR:llama-2-7b-chat-hf:53,PAIR,llama-2-7b-chat-hf,53,empty_prompt_and_response
PAIR:llama-2-7b-chat-hf:54,PAIR,llama-2-7b-chat-hf,54,empty_prompt_and_response
PAIR:llama-2-7b-chat-hf:55,PAIR,llama-2-7b-chat-hf,55,empty_prompt_and_response
PAIR:llama-2-7b-chat-hf:56,PAIR,llama-2-7b-chat-hf,56,empty_prompt_and_response
PAIR:llama-2-7b-chat-hf:57,PAIR,llama-2-7b-chat-hf,57,empty_prompt_and_response
PAIR:llama-2-7b-chat-hf:58,PAIR,llama-2-7b-chat-hf,58,empty_prompt_and_response
PAIR:llama-2-7b-chat-hf:59,PAIR,llama-2-7b-chat-hf,59,empty_prompt_and_response
PAIR:llama-2-7b-chat-hf:60,PAIR,llama-2-7b-chat-hf,60,empty_prompt_and_response
PAIR:llama-2-7b-chat-hf:61,PAIR,llama-2-7b-chat-hf,61,empty_prompt_and_response
PAIR:llama-2-7b-chat-hf:62,PAIR,llama-2-7b-chat-hf,62,empty_prompt_and_response
PAIR:llama-2-7b-chat-hf:63,PAIR,llama-2-7b-chat-hf,63,empty_prompt_and_response
PAIR:llama-2-7b-chat-hf:64,PAIR,llama-2-7b-chat-hf,64,empty_prompt_and_response
PAIR:llama-2-7b-chat-hf:65,PAIR,llama-2-7b-chat-hf,65,empty_prompt_and_response
PAIR:llama-2-7b-chat-hf:66,PAIR,llama-2-7b-chat-hf,66,empty_prompt_and_response
PAIR:llama-2-7b-chat-hf:67,PAIR,llama-2-7b-chat-hf,67,empty_prompt_and_response
PAIR:llama-2-7b-chat-hf:68,PAIR,llama-2-7b-chat-hf,68,empty_prompt_and_response
PAIR:llama-2-7b-chat-hf:69,PAIR,llama-2-7b-chat-hf,69,empty_prompt_and_response
PAIR:llama-2-7b-chat-hf:70,PAIR,llama-2-7b-chat-hf,70,empty_prompt_and_response
PAIR:llama-2-7b-chat-hf:71,PAIR,llama-2-7b-chat-hf,71,empty_prompt_and_response
PAIR:llama-2-7b-chat-hf:72,PAIR,llama-2-7b-chat-hf,72,empty_prompt_and_response
PAIR:llama-2-7b-chat-hf:73,PAIR,llama-2-7b-chat-hf,73,empty_prompt_and_response
PAIR:llama-2-7b-chat-hf:74,PAIR,llama-2-7b-chat-hf,74,empty_prompt_and_response
PAIR:llama-2-7b-chat-hf:75,PAIR,llama-2-7b-chat-hf,75,empty_prompt_and_response
PAIR:llama-2-7b-chat-hf:76,PAIR,llama-2-7b-chat-hf,76,empty_prompt_and_response
PAIR:llama-2-7b-chat-hf:77,PAIR,llama-2-7b-chat-hf,77,empty_prompt_and_response
PAIR:llama-2-7b-chat-hf:78,PAIR,llama-2-7b-chat-hf,78,empty_prompt_and_response
PAIR:llama-2-7b-chat-hf:79,PAIR,llama-2-7b-chat-hf,79,empty_prompt_and_response
PAIR:llama-2-7b-chat-hf:80,PAIR,llama-2-7b-chat-hf,80,empty_prompt_and_response
PAIR:llama-2-7b-chat-hf:81,PAIR,llama-2-7b-chat-hf,81,empty_prompt_and_response
PAIR:llama-2-7b-chat-hf:82,PAIR,llama-2-7b-chat-hf,82,empty_prompt_and_response
PAIR:llama-2-7b-chat-hf:83,PAIR,llama-2-7b-chat-hf,83,empty_prompt_and_response
PAIR:llama-2-7b-chat-hf:84,PAIR,llama-2-7b-chat-hf,84,empty_prompt_and_response
PAIR:llama-2-7b-chat-hf:85,PAIR,llama-2-7b-chat-hf,85,empty_prompt_and_response
PAIR:llama-2-7b-chat-hf:86,PAIR,llama-2-7b-chat-hf,86,empty_prompt_and_response
PAIR:llama-2-7b-chat-hf:87,PAIR,llama-2-7b-chat-hf,87,empty_prompt_and_response
PAIR:llama-2-7b-chat-hf:88,PAIR,llama-2-7b-chat-hf,88,empty_prompt_and_response
PAIR:llama-2-7b-chat-hf:90,PAIR,llama-2-7b-chat-hf,90,empty_prompt_and_response
PAIR:llama-2-7b-chat-hf:91,PAIR,llama-2-7b-chat-hf,91,empty_prompt_and_response
PAIR:llama-2-7b-chat-hf:92,PAIR,llama-2-7b-chat-hf,92,empty_prompt_and_response
PAIR:llama-2-7b-chat-hf:93,PAIR,llama-2-7b-chat-hf,93,empty_prompt_and_response
PAIR:llama-2-7b-chat-hf:94,PAIR,llama-2-7b-chat-hf,94,empty_prompt_and_response
PAIR:llama-2-7b-chat-hf:95,PAIR,llama-2-7b-chat-hf,95,empty_prompt_and_response
PAIR:llama-2-7b-chat-hf:96,PAIR,llama-2-7b-chat-hf,96,empty_prompt_and_response
PAIR:llama-2-7b-chat-hf:97,PAIR,llama-2-7b-chat-hf,97,empty_prompt_and_response
PAIR:llama-2-7b-chat-hf:98,PAIR,llama-2-7b-chat-hf,98,empty_prompt_and_response
PAIR:llama-2-7b-chat-hf:99,PAIR,llama-2-7b-chat-hf,99,empty_prompt_and_response
PAIR:vicuna-13b-v1.5:24,PAIR,vicuna-13b-v1.5,24,empty_prompt_and_response
PAIR:vicuna-13b-v1.5:26,PAIR,vicuna-13b-v1.5,26,empty_prompt_and_response
PAIR:vicuna-13b-v1.5:31,PAIR,vicuna-13b-v1.5,31,empty_prompt_and_response
PAIR:vicuna-13b-v1.5:32,PAIR,vicuna-13b-v1.5,32,empty_prompt_and_response
PAIR:vicuna-13b-v1.5:37,PAIR,vicuna-13b-v1.5,37,empty_prompt_and_response
PAIR:vicuna-13b-v1.5:40,PAIR,vicuna-13b-v1.5,40,empty_prompt_and_response
PAIR:vicuna-13b-v1.5:47,PAIR,vicuna-13b-v1.5,47,empty_prompt_and_response
PAIR:vicuna-13b-v1.5:49,PAIR,vicuna-13b-v1.5,49,empty_prompt_and_response
PAIR:vicuna-13b-v1.5:55,PAIR,vicuna-13b-v1.5,55,empty_prompt_and_response
PAIR:vicuna-13b-v1.5:56,PAIR,vicuna-13b-v1.5,56,empty_prompt_and_response
PAIR:vicuna-13b-v1.5:59,PAIR,vicuna-13b-v1.5,59,empty_prompt_and_response
PAIR:vicuna-13b-v1.5:68,PAIR,vicuna-13b-v1.5,68,empty_prompt_and_response
PAIR:vicuna-13b-v1.5:72,PAIR,vicuna-13b-v1.5,72,empty_prompt_and_response
PAIR:vicuna-13b-v1.5:76,PAIR,vicuna-13b-v1.5,76,empty_prompt_and_response
PAIR:vicuna-13b-v1.5:81,PAIR,vicuna-13b-v1.5,81,empty_prompt_and_response
PAIR:vicuna-13b-v1.5:83,PAIR,vicuna-13b-v1.5,83,empty_prompt_and_response
PAIR:vicuna-13b-v1.5:85,PAIR,vicuna-13b-v1.5,85,empty_prompt_and_response
PAIR:vicuna-13b-v1.5:93,PAIR,vicuna-13b-v1.5,93,empty_prompt_and_response
